brightness_mean,contrast_std,red_dominance,green_vessel_density,texture_variance,label,class_name
109.59867267219387,34.70665577947079,1.000647182247004,0.2496014030612245,24089.363163917078,2,Moderate
109.47606425382654,34.59290577506142,1.0015193685822517,0.24962133290816327,23980.74608059318,1,Mild
109.38295200892857,34.77772459594638,0.999299066904318,0.24711017219387754,24194.40488106506,0,No DR
109.50079055059524,34.77683010599384,0.9982431525997867,0.24888392857142858,24358.142401927216,0,No DR
109.74697730654762,34.815936488135655,1.0011728817616905,0.2460140306122449,24375.161531384016,0,No DR
109.34715136054422,34.860531465065264,1.002494318189554,0.24653220663265307,24143.85145664453,0,No DR
109.41032233205782,34.68121524916941,0.9983273743833603,0.24766820790816327,24282.470151794,1,Mild
109.29329427083333,34.72779538750448,0.998902727353018,0.24581473214285715,24283.92503530271,0,No DR
109.52230149872449,34.619599117004675,1.0008765526416228,0.24968112244897958,23975.17934976305,0,No DR
109.41162441539116,34.7842314740599,1.001282247902096,0.24619339923469388,24255.133646563063,1,Mild
109.37865380527211,34.80561081160118,1.0010294237311783,0.24870455994897958,24096.33419678421,0,No DR
109.63581526360544,34.73944000546422,1.001515397472526,0.2474689094387755,24211.422845600944,0,No DR
109.67512356505102,34.84190381107855,1.0036132630045265,0.2496611926020408,24225.718961144128,0,No DR
109.25928730867346,34.73754236777684,1.0005559816923593,0.24428013392857142,24120.41175061233,0,No DR
109.33379836309524,34.99126454951216,0.999688536613172,0.2461734693877551,24593.627258691227,0,No DR
109.57158136692176,34.70922118280601,1.002085415995315,0.24940210459183673,24072.549719181327,0,No DR
109.5591052827381,34.719135135313394,1.001756761016401,0.24990035076530612,23932.50978350689,0,No DR
109.38556946215986,34.803690032445104,1.0027170599883497,0.24655213647959184,24325.18971114494,0,No DR
109.66866629464286,34.776596567164816,1.0000009085478838,0.24605389030612246,24420.366525435933,0,No DR
108.8838887117347,36.28686548758477,0.9860461275840319,0.2491031568877551,23881.824578376567,4,Proliferative DR
109.60913584183673,34.735465366645094,0.9997376242508516,0.24441964285714285,24110.665809558264,0,No DR
109.5255434204932,34.697483367238654,1.001298564851474,0.24892378826530612,24049.410756325236,0,No DR
109.40302800807824,34.763071987094975,0.9992811000689147,0.24573501275510204,24177.18327387111,0,No DR
109.54116177721089,34.74577682651598,0.999071502798113,0.24920280612244897,24418.13307857712,0,No DR
109.57826450892857,34.72795393536206,0.9984262118375545,0.24728954081632654,24144.552092850874,0,No DR
109.37215003188776,34.668660039798,1.0014887413242533,0.24814652423469388,24107.057848560566,1,Mild
109.3764415922619,34.776556922668455,1.001776701466705,0.24882413903061223,24125.513174248063,0,No DR
109.40654230442176,34.73477835854661,0.9965974340307985,0.24663185586734693,24063.277709649537,0,No DR
109.40413743622449,34.7587539396862,0.9996567968770733,0.24922273596938777,24199.367262236927,0,No DR
109.69755128613946,34.68578109651227,0.999975412553998,0.24866470025510204,24029.07188489883,0,No DR
109.40508742559524,34.67140715595715,1.0013375207034403,0.24852519132653061,24091.715632173727,0,No DR
109.35167543579932,34.78258295403658,0.9991425527210044,0.2450374681122449,24267.141336554243,0,No DR
109.06339684311224,35.7236278721137,0.990218123152083,0.2482860331632653,24100.534850339798,4,Proliferative DR
109.65133397108843,34.737630611283336,1.0015076098126026,0.24703045280612246,24070.456212521192,0,No DR
109.35433274872449,34.80294308774127,1.0000668857249824,0.24944196428571427,24149.632233720975,0,No DR
109.55142564838435,34.75844505625063,0.9992860761765534,0.24428013392857142,24281.20850711999,0,No DR
109.53262515943878,34.73216249211121,0.998640443191276,0.24850526147959184,24170.896386167995,2,Moderate
109.67325680272108,34.695763946707444,1.0017557199761922,0.24720982142857142,24054.649088368624,2,Moderate
109.45198899872449,34.73607216411211,0.9959037578869494,0.24940210459183673,24196.91016295472,1,Mild
109.69324643920068,34.75098909745953,0.9999147281004129,0.24968112244897958,24413.67682956527,0,No DR
109.46148889243197,34.835983162908896,0.9992732300967678,0.24778778698979592,24131.42253300867,0,No DR
109.53653140943878,34.67981031913303,0.9976494261844377,0.24962133290816327,24067.170251203246,0,No DR
109.54735331632654,34.80298780183302,1.0014023090977513,0.2479870854591837,24369.451348659844,0,No DR
109.57507573341837,34.818033004975405,0.9976591652950105,0.2479671556122449,24268.741100077725,2,Moderate
109.39742772108843,34.70820353695092,0.9992708612772198,0.24537627551020408,24125.203461988225,1,Mild
109.52128507653062,34.8532282952097,0.9994919330739308,0.24457908163265307,24449.423789834636,0,No DR
109.53951424319727,34.68481936899389,0.9996239862790981,0.2459343112244898,24053.8322135289,1,Mild
109.59790869472789,34.75518810949967,0.9995549036236154,0.24766820790816327,24096.438192825528,0,No DR
109.50336814413265,34.76293560995399,1.001102932854805,0.24561543367346939,24122.8594928469,1,Mild
109.47931946215986,34.627122748161526,0.9993669787917704,0.24774792729591838,24034.63859567479,0,No DR
109.79854910714286,34.69614957602653,1.0010663878685717,0.24631297831632654,24022.1332062666,2,Moderate
109.42090508078232,35.090750643528125,0.99821697759853,0.24980070153061223,24162.506813948574,3,Severe
109.50175382653062,34.66085230936103,1.0001601641498117,0.2455157844387755,24171.339464669825,1,Mild
109.44799638605443,34.84015263084124,1.0021505932806436,0.24669164540816327,24409.509135863133,0,No DR
109.65402450042517,34.72054570600361,1.0018156425951985,0.2497608418367347,24163.56364139643,0,No DR
109.41041533801021,34.638918863407724,1.0026826225358323,0.24621332908163265,24009.370335170202,0,No DR
109.61152742346938,34.736403500242425,0.9987397878456125,0.24467873086734693,24144.04699240402,0,No DR
109.60797326743197,34.68385221427809,0.9985588882922357,0.24695073341836735,24250.2862313035,1,Mild
109.6432490965136,34.45305173750755,0.9981970844524012,0.24567522321428573,23645.53090404938,0,No DR
109.50667649872449,34.630797764505836,1.0003314157860743,0.24826610331632654,24094.034499276433,0,No DR
109.67083864795919,34.68561582193888,0.9992169502712839,0.24970105229591838,23818.620399665353,0,No DR
109.62501992984694,34.700297727284976,0.998065100730784,0.24786750637755103,23997.00510718692,2,Moderate
109.37013711734694,34.72072750989553,1.0020143022935475,0.2449577487244898,24220.984232954957,0,No DR
109.25350765306122,35.41411180977552,0.9923544811259148,0.24948182397959184,24091.455269414353,4,Proliferative DR
109.5343856292517,34.79836829076566,1.0029562725703816,0.2454559948979592,24259.834333439263,0,No DR
109.24812659438776,34.62685734643083,1.002148082031227,0.2456951530612245,23880.94663775697,0,No DR
109.61940635629252,34.66362007364497,1.0008284450922336,0.24481823979591838,23973.483711392026,1,Mild
109.69935825892857,34.80482882455431,0.9999511288041141,0.24818638392857142,24116.68648586845,0,No DR
109.50815130739795,34.79118694359516,1.002954129547604,0.24533641581632654,24296.825281771162,0,No DR
109.35930856717687,34.66323948532901,1.0001959706861752,0.24816645408163265,24127.219127284443,0,No DR
109.60818585246598,34.8878143187268,0.9975367141820897,0.24954161352040816,24235.03603316168,0,No DR
109.5808487457483,34.67162999999578,1.0040225556110607,0.2489437181122449,24235.039539881716,0,No DR
109.23143202593538,35.76928428848507,0.9925482847112994,0.24956154336734693,24191.968758128278,3,Severe
109.51174532312925,34.716527851812025,0.9975192579017133,0.24944196428571427,24184.59162870262,2,Moderate
109.51648198341837,34.64372549791434,0.9984014845772646,0.24499760841836735,24173.055261358524,0,No DR
109.27315183886054,34.713993098142176,1.0010615447665172,0.24579480229591838,24172.18827668531,0,No DR
109.57460406037416,34.82176586803058,1.0002489382225772,0.2454559948979592,24322.802220978076,0,No DR
109.68455038265306,34.573068524200714,1.0020136158919817,0.2494220344387755,23801.040163622456,0,No DR
109.49017458545919,34.74325317705324,0.997512823049396,0.24709024234693877,24037.94299392311,1,Mild
109.65365911989795,34.833921990981565,0.9982226404047001,0.2469108737244898,24211.824790550643,0,No DR
109.53271152210884,34.823132256784795,0.997819773874285,0.2486846301020408,24266.326315568418,0,No DR
108.99703045280613,36.64323331947544,0.9805561674971903,0.24703045280612246,23904.633059144166,4,Proliferative DR
109.70321800595238,34.72407114608638,1.0017460963832714,0.24653220663265307,23935.53479964174,0,No DR
109.38764880952381,34.69524347471725,1.0018511585207792,0.24659199617346939,24017.508397780373,0,No DR
109.58628959396259,34.76623078654952,0.9958657366828076,0.24760841836734693,24125.00223164358,0,No DR
109.37798947704081,35.40058475377717,0.9937771379246856,0.24884406887755103,23993.269090554757,4,Proliferative DR
109.5103834502551,34.66070366795725,1.0022717870349438,0.24970105229591838,24127.124934274325,2,Moderate
109.49065290178571,34.686397653452616,0.9970985489468217,0.2486248405612245,24165.60720553472,0,No DR
109.5250318877551,35.2762344675908,0.9938990392736242,0.2455157844387755,24338.772444585225,4,Proliferative DR
109.63517086522108,34.73250163667214,1.0014865634237802,0.24587452168367346,23974.04594129644,0,No DR
109.4279403167517,34.72779015206184,1.0012850314672632,0.2464923469387755,24018.744583733227,0,No DR
109.60010097789116,34.712226565751635,0.9979376142114845,0.2444794323979592,24072.17492235844,2,Moderate
109.58581127763605,34.65927486884834,0.9975745241813972,0.2466717155612245,24241.88507825501,0,No DR
109.41844706632654,34.86708539377098,1.0011866640980158,0.24611367984693877,24246.837366528733,0,No DR
109.48258795705782,34.695398908485004,0.9998506691513629,0.2460140306122449,23997.67306240158,0,No DR
109.53183460884354,34.785140744314596,0.9991099981571651,0.2489437181122449,24186.426813884264,0,No DR
109.69233630952381,34.678571571783074,0.9991497578270238,0.24782764668367346,24177.290441929723,0,No DR
109.43858949829932,34.88032109662378,1.0015370678862123,0.24595424107142858,24425.812013847735,2,Moderate
109.47108843537416,34.71536996455744,0.9962017090003314,0.24689094387755103,24102.87602190632,0,No DR
109.73888578869048,34.58647719899892,0.996941782819811,0.2451769770408163,24070.672387022616,0,No DR
109.40859507865646,34.65257885535803,1.0031505142334487,0.24499760841836735,24287.95407851702,0,No DR
109.53437234268708,34.80210047803504,1.0000473677200585,0.24922273596938777,24290.00105354558,0,No DR
109.61573262117346,34.73926923253343,1.0023999654363211,0.24583466198979592,24199.058497560767,0,No DR
109.44715268920068,34.60233859755612,0.9979730328831165,0.24802694515306123,23798.29116463969,0,No DR
109.46008715986395,34.7763483309734,0.9987161347329321,0.24756855867346939,24377.041874689345,0,No DR
109.4345703125,34.61148461120377,0.9974403517289007,0.24808673469387754,23819.40566882785,0,No DR
109.27266023596938,34.65131001283849,1.0003295721302778,0.24689094387755103,24087.834236127543,0,No DR
109.61364663052721,34.742770329006795,1.0013143090723964,0.2491828762755102,24040.39492049489,0,No DR
109.47338036777211,34.72184467232141,1.000058195862009,0.24509725765306123,24035.315048837005,1,Mild
109.39168128188776,34.65061729875908,0.9989451316369514,0.24808673469387754,24118.898357867998,0,No DR
109.56782791241497,34.64845268779829,1.0010516565300471,0.24451929209183673,24132.599848533162,0,No DR
109.53693664965986,34.722430806175545,1.002076311123157,0.24840561224489796,24194.858302604156,0,No DR
109.61337425595238,34.779908003104254,0.9999522419914756,0.2478077168367347,24018.20984006792,1,Mild
109.3477558992347,34.78146343436317,0.9987611709219227,0.24786750637755103,24294.876918424125,2,Moderate
109.38653938137755,34.81564663429023,0.9995692873325605,0.24958147321428573,24071.695096994234,0,No DR
109.45612776360544,34.72269996800535,0.9988655158416527,0.24790736607142858,23824.54374892431,0,No DR
109.49897693452381,34.79260287268544,0.9999554682668849,0.24509725765306123,24134.500175154735,0,No DR
109.54326769770408,34.86193735714515,0.9963651036679657,0.24681122448979592,24311.983609067258,0,No DR
109.32287016369048,35.60297550102941,0.9896672082782819,0.24758848852040816,23921.85130562359,3,Severe
109.4424824617347,34.60153074484167,0.9965536932752441,0.24958147321428573,23965.934890501998,0,No DR
109.57362085459184,34.624396039734116,0.9975892902028586,0.24679129464285715,24096.7857032134,2,Moderate
109.71079134778911,34.7892741533531,1.0029472804453896,0.2443000637755102,24269.683135226493,0,No DR
109.60671768707483,34.89644118459698,1.0025745989116137,0.24479830994897958,24464.165342681263,0,No DR
109.49617346938776,34.59118981587514,1.0014137033857409,0.24756855867346939,23963.900623553494,2,Moderate
109.62927827380952,34.789442998066086,0.9939943434774551,0.24998007015306123,24405.567916847474,0,No DR
109.50098320578232,34.66954479455894,0.9996055320205343,0.24525669642857142,23982.118715103938,0,No DR
109.65462903911565,34.723696051394555,1.0011803519871902,0.24681122448979592,24154.353750506132,0,No DR
109.55539168792517,34.59142353489575,0.99920733251875,0.24416055484693877,23773.498214332423,0,No DR
109.28574085884354,34.69679567335473,0.9999961094643762,0.24930245535714285,23960.24453741667,0,No DR
109.59794191113946,34.72989200894257,1.0014096023837586,0.24784757653061223,23910.933618800533,0,No DR
109.46583359906462,34.7846955551341,1.0029311176699713,0.24906329719387754,24029.50502954687,0,No DR
109.5162959715136,34.61709312909981,0.9996284560776826,0.24581473214285715,23802.761299663554,0,No DR
109.72593138818027,34.88715209453816,0.9994470486001731,0.24916294642857142,24322.228159328144,0,No DR
109.46637834821429,34.804487142944,1.000336453509244,0.2459343112244898,24157.138597585716,1,Mild
109.5072478210034,34.707065837204084,0.9983848488405784,0.24750876913265307,24043.84581293577,0,No DR
109.4848865327381,34.81622811918745,1.000116743649043,0.24571508290816327,24479.438777835807,1,Mild
109.6841584289966,34.72306937470795,0.9969409837184172,0.24631297831632654,24251.25301682339,0,No DR
109.44185134991497,34.79735028792891,0.9989435513568395,0.24782764668367346,24272.313040631652,0,No DR
109.41992851828232,34.70559940214482,0.9981648693808224,0.2451769770408163,23923.79372595033,0,No DR
109.4266581632653,34.80579237757771,1.0002546172613285,0.24599410076530612,24255.225382544708,0,No DR
109.42164912840136,34.78607323011049,1.0014721004253717,0.2451171875,24216.297317962057,0,No DR
109.48440157312925,34.682001478225786,0.999239766643512,0.24655213647959184,24239.022062340166,1,Mild
109.53194090136054,34.59233595271584,1.0024067748325107,0.24892378826530612,23949.238528993614,0,No DR
109.35466491284014,34.679978503054066,1.0027934006978894,0.2456951530612245,24078.515985869013,0,No DR
109.51141980229592,34.75810137968584,1.002571319026642,0.24948182397959184,24258.38711452484,0,No DR
109.61443718112245,34.72918693524734,1.0000376361766028,0.2445392219387755,24040.308486765298,0,No DR
109.36314838435374,34.64636595629618,1.0020843486983517,0.24950175382653061,23877.98728790982,0,No DR
109.52036830357143,34.7754069077539,1.0002969812894618,0.24611367984693877,24156.1532031468,0,No DR
109.39685639880952,34.69532517479543,1.0004595169268307,0.24950175382653061,24203.070033326043,0,No DR
109.66332509566327,34.77942479386501,0.9993370245561806,0.2489437181122449,24139.494599316527,0,No DR
109.53600659013605,34.857635130242635,0.9980714127634772,0.2451769770408163,24369.681332687494,0,No DR
109.3929900085034,34.73188874069253,1.0009328518179417,0.24565529336734693,24292.806516063458,0,No DR
109.59639402636054,34.68986497308411,1.0018287205145833,0.2482063137755102,24436.462609719256,0,No DR
109.45724383503402,34.796669944747826,1.001180841816767,0.24513711734693877,24246.17179024095,0,No DR
109.24210778061224,34.7286295634307,1.0023337392256242,0.24842554209183673,24014.065674606234,0,No DR
109.3668819090136,34.62304085478945,1.0044457258968098,0.24705038265306123,24199.43535389199,0,No DR
109.36007254464286,34.93813339363445,0.9997007608178284,0.2466717155612245,24504.774256224835,0,No DR
109.36553332270408,34.57156200843672,0.9978944969725507,0.24858498086734693,24052.76096608648,1,Mild
109.28177481930273,34.66311726154617,1.0023020106053255,0.2457549426020408,24237.159535218158,0,No DR
109.71785315688776,34.72905384637609,0.9997703989295863,0.24728954081632654,24034.52782143081,0,No DR
109.75501567814626,34.61537102379523,0.9996276299307792,0.24872448979591838,23657.10161311266,0,No DR
109.43178013392857,34.63887620014694,1.0000280465731668,0.24621332908163265,23965.11571840423,0,No DR
109.47395169005102,34.639184673844184,0.9967569426529875,0.24711017219387754,24043.965367961857,0,No DR
109.53997262967687,34.738298322453986,1.0006324885753752,0.2486846301020408,24339.604334013005,1,Mild
109.6016621492347,34.656492403185425,0.9989024202393237,0.24659199617346939,24113.783803968814,0,No DR
109.45105229591837,34.556829630750705,1.00132214908467,0.24537627551020408,23786.314752072703,1,Mild
109.39589312287416,34.84300169743012,1.0002943435850158,0.24451929209183673,24365.69194664651,1,Mild
109.39574697066327,34.70618601211353,1.0012923932427527,0.24607382015306123,24069.229871734387,0,No DR
109.31631324404762,34.687526756972595,1.000668665299014,0.24461894132653061,24080.062547230114,0,No DR
109.5467222045068,34.72789540725207,0.9970010033748177,0.24645248724489796,24175.074673321782,0,No DR
109.59671290391157,34.6497035386066,1.0005397827856668,0.24950175382653061,24209.053120626602,0,No DR
109.55941087372449,34.69653611505148,0.9980482978497115,0.24513711734693877,24232.91403594646,1,Mild
109.48456101190476,34.717468649261235,0.9992814533993162,0.24744897959183673,23884.487297270603,1,Mild
109.67289806547619,34.530809336268355,1.0001634880565502,0.2499402104591837,23889.09766265443,1,Mild
109.53837824192176,34.514730989847095,1.0000251688239672,0.24543606505102042,23939.93753147364,0,No DR
109.50389960671768,34.62698156518119,0.998713493718297,0.24760841836734693,24140.22085069825,1,Mild
109.32775297619048,34.61255284009629,1.00298300617287,0.24485809948979592,23824.579996052606,0,No DR
109.54462292729592,34.73620862737359,1.000461929303518,0.24483816964285715,24036.215503121854,0,No DR
109.49805351828232,34.62809979782122,0.9992218423414845,0.2462531887755102,24055.77715542971,0,No DR
109.62984959608843,34.79122833854475,0.9985532373182032,0.2476482780612245,24106.631640039046,0,No DR
109.30885283801021,34.79788283920542,1.0031181393223554,0.24864477040816327,24146.21342684298,0,No DR
109.50119579081633,34.76881988305225,1.0012725840916787,0.24541613520408162,24075.536682051054,0,No DR
109.63750930059524,34.706858570749596,0.9981978989625806,0.24583466198979592,24165.50834427611,0,No DR
109.51159252763605,34.75108521875746,1.0034798620654493,0.24824617346938777,24250.601063220714,0,No DR
109.4362112032313,34.75002802073517,0.9990352822768024,0.24950175382653061,24187.243506778337,2,Moderate
109.65936569940476,34.6929353611011,1.0033140270627618,0.24509725765306123,24171.199217504385,0,No DR
109.47819674744898,34.63800869136421,0.9994504091253763,0.24962133290816327,23758.492437600195,0,No DR
109.12622236394557,35.635179716635406,0.9882768458354723,0.24697066326530612,23718.18815325539,3,Severe
109.51262887967687,34.54198879426774,1.0021489600635234,0.24990035076530612,23925.655201774895,1,Mild
109.23521205357143,34.63773318145441,0.9984820248581189,0.2491828762755102,24066.692823038655,0,No DR
109.61433753188776,34.76004606616622,0.9992958192429491,0.24531648596938777,24368.73998743174,0,No DR
109.0460512329932,35.7740378773041,0.991757523325566,0.2496014030612245,24089.531451419512,3,Severe
109.30996226615646,34.772552944624,0.99813287897125,0.24986049107142858,24027.951378087906,1,Mild
109.48769664115646,34.74731605447102,0.9968163875911332,0.2496014030612245,24237.5048681221,2,Moderate
109.39493649022108,34.72989808504466,0.9972369588426502,0.24766820790816327,24006.66222099064,0,No DR
109.65658216411565,34.743531906466366,1.0019502148133326,0.2451171875,24039.18285585909,0,No DR
109.76071561437075,34.64127842590036,1.0001420524046307,0.24938217474489796,24150.358766557772,0,No DR
109.27725738732993,34.712986744893406,0.9978622172801739,0.24718989158163265,23976.769006797836,0,No DR
109.33132706207483,34.77118553903212,0.9948294465065499,0.2460140306122449,24168.339314527086,1,Mild
109.58751860119048,34.818283053592104,1.0000106691683677,0.24826610331632654,24285.016261762103,1,Mild
109.63446667729592,34.899844004035415,0.99893874198558,0.24982063137755103,24544.575622799694,1,Mild
109.55880633503402,34.703599830587784,0.9993004345282582,0.24952168367346939,24092.264704666555,0,No DR
109.30810879039116,34.79846681559703,0.997407914163407,0.24577487244897958,24113.324544516574,1,Mild
109.57752046130952,34.7246013683592,0.9968277274797908,0.24469866071428573,24149.146546868276,2,Moderate
109.52386267006803,34.65314871728678,0.9989667244979183,0.24802694515306123,23968.25752316093,0,No DR
109.58247634991497,34.831751828715,1.0004484325496288,0.24900350765306123,24104.30872584203,1,Mild
108.97590481505102,36.109073809506214,0.9828002138829951,0.24732940051020408,23715.17739303665,4,Proliferative DR
109.49606053358843,34.71719320950744,0.9982475057216105,0.24938217474489796,24078.116890528763,0,No DR
109.67748193027211,34.67274670203964,0.9996207038755122,0.2468311543367347,23978.480485565407,0,No DR
109.72759885204081,34.69978978011981,0.9984265373905824,0.24882413903061223,24054.82804354207,1,Mild
109.33677455357143,34.80046047518216,1.0006636793795476,0.24521683673469388,24204.024217858605,0,No DR
109.48412255527211,34.66650676310277,0.9975078919985728,0.24830596301020408,24118.53383872212,2,Moderate
109.290909332483,34.692560591047766,0.9976693693741354,0.24663185586734693,23970.35293436587,0,No DR
109.44373804209184,34.71929924576995,1.0012974716686962,0.24467873086734693,24049.812220067,1,Mild
109.21781329719387,34.72652735498894,1.0036249251605618,0.2462531887755102,24142.65866655074,0,No DR
109.39109667304422,34.711164800960326,1.0005622956785378,0.24611367984693877,24173.733580958287,0,No DR
109.57768654336735,34.92438149733046,0.9978974821621186,0.24597417091836735,24415.1639269849,0,No DR
109.59448740433673,34.75097082250953,0.9995626486968588,0.24800701530612246,23948.74697363391,0,No DR
109.16234853316327,35.44193968122589,0.9905085140940938,0.24557557397959184,24279.329593388353,3,Severe
109.61528752125851,34.760302991633814,1.0035178424518914,0.2453563456632653,24432.26664236872,0,No DR
109.63315795068027,34.86595854933169,0.9944043637589572,0.24705038265306123,24407.765989272608,0,No DR
109.43213887117346,34.745384567334455,1.0019317531270147,0.24469866071428573,24129.021562936156,0,No DR
109.64973958333333,34.760164469552656,1.0001495271289207,0.2474689094387755,24447.451597700314,0,No DR
109.41700547406462,34.79526323763582,0.9989079144650876,0.24533641581632654,24151.544877577802,0,No DR
109.67215401785714,34.77128146230344,0.9997125156505167,0.24497767857142858,24235.823589043335,1,Mild
109.58270886479592,34.73303913863907,0.9996735426088438,0.2499202806122449,24247.07319227232,0,No DR
109.64236553996598,34.678156153623064,0.9994809819543106,0.24523676658163265,24034.013850683972,0,No DR
109.61064386692176,34.747609783042,1.0022417687507283,0.24497767857142858,23961.63649325389,0,No DR
109.40257626488095,34.72356629695977,0.9988041158048965,0.24483816964285715,24039.419475396542,0,No DR
109.7289806547619,34.780021751202206,1.0004320321969442,0.2473094706632653,24323.70587444822,0,No DR
109.60641209608843,34.667466390656934,0.9964016850221136,0.24752869897959184,24047.776525984005,0,No DR
109.51422326743197,34.7143938514184,0.9997287222826926,0.24802694515306123,24344.227646162784,0,No DR
109.58816964285714,34.74720580115651,1.0022472599862065,0.24595424107142858,24011.055676028907,0,No DR
109.52691193664965,34.88642402323072,1.002552152479357,0.24609375,24499.853748014895,1,Mild
109.56168287627551,34.68023189067798,1.001718458945415,0.25,23865.509147162637,0,No DR
109.37686011904762,34.690439445959136,1.0004951931389636,0.24611367984693877,24020.96062155695,0,No DR
109.68482275722789,34.707349152863344,0.9988293606416568,0.24623325892857142,24115.748836728246,0,No DR
109.35075866284014,34.63278830785259,0.9986356912131932,0.24567522321428573,23960.833322507948,0,No DR
109.25357408588435,34.78037733934264,1.0015326173270114,0.24920280612244897,24313.22833335206,0,No DR
109.29325441113946,35.409690385613544,0.9881423159445011,0.2482860331632653,24078.398067221344,4,Proliferative DR
109.54364636479592,34.841505420115766,0.9998904749088223,0.24607382015306123,24060.384494633337,0,No DR
109.34497900722789,34.748635871932485,1.0025574317009673,0.24627311862244897,24295.19355688766,0,No DR
109.30370429421768,34.623852463386996,1.0021857055079533,0.24467873086734693,23946.35985028967,1,Mild
109.48962319302721,34.7454893497635,1.0023535222799902,0.24465880102040816,24199.604324995402,0,No DR
109.35545546343538,34.8095164688607,1.0024034298701276,0.24621332908163265,24140.051195682463,0,No DR
109.52869233630952,34.854243125933124,1.0011396763896823,0.24854512117346939,24333.621640575177,2,Moderate
109.70773543792517,34.923071933151505,1.0005790813063375,0.24782764668367346,24590.38532917542,0,No DR
109.67452566964286,34.83176481151672,1.002500622747397,0.24577487244897958,24559.8553165037,0,No DR
109.54000584608843,34.78442332605122,0.9994293714630212,0.24441964285714285,24475.188336919717,0,No DR
109.26751833545919,35.467309300978094,0.9891702979082166,0.24533641581632654,24095.02642376767,4,Proliferative DR
109.49266581632654,34.698250045782906,1.0030781388784178,0.24952168367346939,24241.748777973407,0,No DR
109.49253959396259,34.73518499679202,0.9998167663051967,0.24946189413265307,24309.512533825764,0,No DR
109.33272215136054,34.709669963183664,0.9976821092955398,0.24920280612244897,24080.371521926732,1,Mild
109.66638100552721,34.63634819441121,1.0000197480760644,0.2493622448979592,24094.223951995096,0,No DR
109.3139349489796,34.703502226556004,1.0010448616898566,0.24956154336734693,24145.854067899345,2,Moderate
109.56561569940476,34.79715643290913,1.002895585244348,0.24483816964285715,24064.64890886654,0,No DR
109.65896045918367,34.679105093984354,0.9997115723425016,0.24990035076530612,24085.17606048036,0,No DR
109.5151134672619,34.7976645028573,0.9987664610705866,0.24922273596938777,24220.660041817027,0,No DR
109.52173017644557,34.697750137343284,1.0008688537488255,0.2479671556122449,24179.63201671539,1,Mild
109.47937925170068,34.70582601311132,0.998754407752793,0.24647241709183673,24091.329751225618,0,No DR
109.57711522108843,34.81702743557362,0.9998358838414102,0.24475845025510204,24346.99147022252,2,Moderate
109.33960459183673,34.7710943075495,1.001663985921356,0.24709024234693877,24412.002063463253,2,Moderate
109.54334077380952,34.796474333468694,0.9993110699697962,0.24980070153061223,24310.48415076976,0,No DR
109.54964524872449,34.702745539111376,0.9975114443718037,0.24637276785714285,24114.149257149515,0,No DR
108.88381563562925,36.1038060431275,0.988779725771134,0.24974091198979592,24158.102932889477,3,Severe
109.66654708758503,34.66993419258193,1.0008102187338526,0.2467315051020408,24056.941219248805,0,No DR
109.66377683886054,34.8093724126954,0.9991270011469374,0.2491828762755102,24255.042077222595,2,Moderate
109.43438430059524,34.64282987276567,0.9982475500271905,0.24890385841836735,24060.339777497236,0,No DR
109.49186197916667,34.62997738710131,1.000788758712283,0.2478077168367347,23843.496719016774,1,Mild
109.4153512967687,34.60501370466647,0.9978412360805404,0.24880420918367346,23664.842927523623,0,No DR
109.42135018069727,34.64791365842627,1.0002661650547093,0.24418048469387754,23809.039047805236,0,No DR
108.70084635416667,36.605443710066446,0.9792203779922422,0.24507732780612246,24081.96332429896,3,Severe
109.4780572385204,34.679150772531024,0.999350830239686,0.24457908163265307,24099.997329132006,0,No DR
109.66518521471089,34.69694104735595,1.002263612829162,0.2492625956632653,24236.79796828016,1,Mild
109.20550329506803,34.55586487739061,0.9984516213048483,0.24426020408163265,23978.419898816814,1,Mild
109.62996253188776,34.83930374715131,1.0014750599590823,0.2447783801020408,24520.426463421067,1,Mild
109.36336096938776,34.620550314674965,0.9993694663387206,0.2497608418367347,24061.881543305255,0,No DR
109.59206924957483,34.78769181125697,1.0002595673670198,0.248046875,24192.106484943408,0,No DR
109.48079427083333,34.908025439009606,0.9976037511395427,0.24543606505102042,24575.894710564207,0,No DR
109.46750770620748,34.812123742095466,1.0012852345482084,0.24651227678571427,24368.64317240431,2,Moderate
109.41895195578232,34.64200033758889,1.002569970576137,0.24565529336734693,24121.441111296124,0,No DR
109.3015518707483,34.70907893239699,1.0010114906179222,0.24736926020408162,24053.54836411895,1,Mild
109.59875239158163,34.77339163634769,1.0000441879373625,0.24509725765306123,24161.21182594752,0,No DR
109.45788159013605,34.69358253943754,1.000626954361708,0.24928252551020408,24066.79717108628,0,No DR
109.55523224914965,34.72538894052173,0.9992966521090902,0.2478077168367347,23915.191549562107,0,No DR
109.46584024234694,34.649925931919086,1.002810165954885,0.24808673469387754,24331.073273099104,0,No DR
109.44567788052721,34.81298357044245,1.000593032629961,0.24599410076530612,24479.21085297451,0,No DR
109.5608591092687,34.752800757679054,1.0001148436293932,0.24687101403061223,24053.744201005175,0,No DR
109.65869472789116,34.780352514107165,0.9997517977238275,0.24531648596938777,24113.904047305463,0,No DR
109.65646922831633,34.89390836938866,0.9983755360429156,0.24964126275510204,24351.4191002101,0,No DR
109.47776493409864,34.94428682945068,1.0013969502592963,0.2486846301020408,24421.635871867747,1,Mild
109.59196960034014,34.66627003414228,1.0014470807116436,0.24687101403061223,24140.66842235381,0,No DR
109.42723612882654,35.6139111107989,0.9907429413727308,0.24822624362244897,24034.122234863622,3,Severe
109.6353834502551,34.7590205041344,0.9994286559963438,0.2496611926020408,24269.868197051845,0,No DR
109.48008343962584,34.77186870923883,0.998929478377512,0.2442203443877551,23955.107481108065,0,No DR
109.36158056972789,34.786225748764096,1.0008381736883083,0.24459901147959184,24321.83673453778,0,No DR
109.52337106717687,34.60324923490086,1.0006027415490801,0.24457908163265307,23829.532544950307,2,Moderate
109.52473294005102,34.71550333838069,1.0025386164125107,0.24928252551020408,24343.22695067286,0,No DR
109.50394610969387,34.64997339812719,0.9982640726947479,0.24561543367346939,24077.560055543265,0,No DR
109.5358205782313,34.72131030150941,1.000567617687372,0.2498405612244898,24234.973178559667,0,No DR
